{"cameraMode":{"drawMode":0,"name":"Shaded","section":"Shading Mode"},"sceneLighting":true,"audioPlay":false,"sceneViewState":{"showFog":true,"showMaterialUpdate":true,"showSkybox":true,"showFlares":true,"showImageEffects":true,"showParticleSystems":true},"in2DMode":false,"pivot":{"x":-2.3286564350128176,"y":1.944498896598816,"z":4.097217082977295},"rotation":{"x":-0.37484943866729739,"y":0.0239562951028347,"z":-0.010330134071409703,"w":-0.9269309639930725},"size":10.536044120788575,"orthographic":false}