{"cameraMode":{"drawMode":0,"name":"Shaded","section":"Shading Mode"},"sceneLighting":true,"audioPlay":false,"sceneViewState":{"showFog":true,"showMaterialUpdate":true,"showSkybox":true,"showFlares":true,"showImageEffects":true,"showParticleSystems":true},"in2DMode":false,"pivot":{"x":-0.4767327308654785,"y":0.09344920516014099,"z":0.12653404474258424},"rotation":{"x":-0.22550338506698609,"y":0.7706840634346008,"z":-0.3754294812679291,"w":-0.46289440989494326},"size":1.245234489440918,"orthographic":false}