{"cameraMode":{"drawMode":0,"name":"Shaded","section":"Shading Mode"},"sceneLighting":true,"audioPlay":false,"sceneViewState":{"showFog":true,"showMaterialUpdate":true,"showSkybox":true,"showFlares":true,"showImageEffects":true,"showParticleSystems":true},"in2DMode":false,"pivot":{"x":-4.229364395141602,"y":0.895235002040863,"z":11.56758975982666},"rotation":{"x":-0.05574244633316994,"y":0.031998563557863238,"z":-0.0023697593715041878,"w":-0.9981288313865662},"size":8.0614652633667,"orthographic":false}