{"cameraMode":{"drawMode":0,"name":"Shaded","section":"Shading Mode"},"sceneLighting":true,"audioPlay":false,"sceneViewState":{"showFog":true,"showMaterialUpdate":true,"showSkybox":true,"showFlares":true,"showImageEffects":true,"showParticleSystems":true},"in2DMode":false,"pivot":{"x":-5.0,"y":1.199679970741272,"z":6.344320297241211},"rotation":{"x":-0.1254904568195343,"y":-0.08796428143978119,"z":0.011116121895611287,"w":-0.9881893396377564},"size":1.0714738368988038,"orthographic":false}