{"cameraMode":{"drawMode":0,"name":"Shaded","section":"Shading Mode"},"sceneLighting":true,"audioPlay":false,"sceneViewState":{"showFog":true,"showMaterialUpdate":true,"showSkybox":true,"showFlares":true,"showImageEffects":true,"showParticleSystems":true},"in2DMode":false,"pivot":{"x":-4.269999980926514,"y":0.019999999552965165,"z":6.28000020980835},"rotation":{"x":-0.43912506103515627,"y":-0.10438288748264313,"z":0.05102879926562309,"w":-0.8911293148994446},"size":6.173366546630859,"orthographic":false}