{"cameraMode":{"drawMode":0,"name":"Shaded","section":"Shading Mode"},"sceneLighting":true,"audioPlay":false,"sceneViewState":{"showFog":true,"showMaterialUpdate":true,"showSkybox":true,"showFlares":true,"showImageEffects":true,"showParticleSystems":true},"in2DMode":false,"pivot":{"x":-3.502178430557251,"y":1.0713520050048829,"z":5.584413051605225},"rotation":{"x":-0.48953157663345339,"y":0.03029453009366989,"z":-0.017696190625429155,"w":-0.8715069890022278},"size":12.633454322814942,"orthographic":false}