{"cameraMode":{"drawMode":0,"name":"Shaded","section":"Shading Mode"},"sceneLighting":true,"audioPlay":false,"sceneViewState":{"showFog":true,"showMaterialUpdate":true,"showSkybox":true,"showFlares":true,"showImageEffects":true,"showParticleSystems":true},"in2DMode":false,"pivot":{"x":-4.787959098815918,"y":0.486355721950531,"z":3.7877180576324465},"rotation":{"x":0.48262977600097659,"y":-0.2643369734287262,"z":0.15578998625278474,"w":0.8204576969146729},"size":7.865151405334473,"orthographic":false}