{"cameraMode":{"drawMode":0,"name":"Shaded","section":"Shading Mode"},"sceneLighting":true,"audioPlay":false,"sceneViewState":{"showFog":true,"showMaterialUpdate":true,"showSkybox":true,"showFlares":true,"showImageEffects":true,"showParticleSystems":true},"in2DMode":false,"pivot":{"x":-5.61727237701416,"y":3.601835012435913,"z":5.3700056076049809},"rotation":{"x":-0.4012660086154938,"y":-0.0024255102034658195,"z":0.0004987422144040465,"w":-0.9161855578422546},"size":5.789369583129883,"orthographic":false}